,Kategori,Link
0,binnenland,https://nos.nl/artikel/2327935-de-oproep-klinkt-steeds-luider-blijf-thuis.html
1,binnenland,https://nos.nl/artikel/2327911-brand-in-flat-den-bosch-maakt-regen-van-bankbiljetten-los.html
2,binnenland,https://nos.nl/artikel/2327909-wekdienst-22-3-terug-naar-de-ek-zomer-van-1988-en-pauw-weer-op-tv.html
3,binnenland,https://nos.nl/artikel/2327907-deze-bruidsparen-trouwen-toch-corona-weert-de-liefde-niet.html
4,binnenland,https://nos.nl/liveblog/2327877-italiaanse-fabrieken-worden-gesloten-eerste-gevallen-gemeld-in-de-gazastrook.html
5,binnenland,https://nos.nl/artikel/2327903-coronanieuws-21-maart-drukte-op-het-strand-en-bijna-800-italiaanse-doden.html
6,binnenland,https://nos.nl/artikel/2327897-volgende-week-naar-verwachting-1400-patienten-op-ic-dat-kunnen-we-maximaal-aan.html
7,binnenland,https://nos.nl/artikel/2327896-nederland-weert-vluchten-vanuit-spanje-repatriering-mag-nog-wel.html
8,binnenland,https://nos.nl/artikel/2327880-zo-is-het-weer-tijdens-jouw-leven-veranderd.html
9,binnenland,https://nos.nl/artikel/2327878-daten-in-tijden-van-corona-spreek-niet-fysiek-af.html
10,binnenland,https://nos.nl/liveblog/2327827-637-besmettingen-en-30-doden-erbij-in-nederland-drukte-op-strand-en-markten.html
11,binnenland,https://nos.nl/artikel/2327871-bang-voor-corona-ben-ik-niet-mijn-pak-beschermt-me.html
12,binnenland,https://nos.nl/artikel/2327867-ergernis-over-drukke-treinen-en-overvolle-stranden.html
13,binnenland,https://nos.nl/artikel/2327855-kim-32-bestrijdt-corona-nepnieuws-op-reddit-vanaf-haar-ziektebed.html
14,binnenland,https://nos.nl/artikel/2327847-nederland-zoekt-oplossing-voor-125-gestrande-indiers-op-schiphol.html
15,binnenland,https://nos.nl/artikel/2327836-wekdienst-21-3-basisdienstregeling-ns-en-nederlandse-schaker-komt-wel-in-actie.html
16,binnenland,https://nos.nl/artikel/2327833-lente-sinds-jaren-50-het-sterkst-opgewarmd.html
17,binnenland,https://nos.nl/artikel/2327832-grote-brand-in-hotel-santpoort-noord-onder-controle.html
18,binnenland,https://nos.nl/artikel/2327831-buitenlandse-artsen-in-nederland-willen-helpen-maar-dat-mag-nog-niet.html
19,binnenland,https://nos.nl/artikel/2327826-de-jonge-veel-mondkapjes-aangeboden-maar-koop-gaat-vaak-niet-door.html
20,binnenland,https://nos.nl/liveblog/2327756-veel-meer-ic-patienten-landelijke-coordinatie-van-de-overplaatsingen.html
21,binnenland,https://nos.nl/artikel/2327818-corona-nieuws-20-maart-toespraak-koning-en-noodoproep-ziekenhuizen-brabant.html
22,binnenland,https://nos.nl/artikel/2327810-hoopvolle-en-alarmerende-speech-van-koning-schudt-nederlanders-wakker.html
23,binnenland,https://nos.nl/artikel/2327800-kankerpatient-op-zichzelf-aangewezen-door-corona-het-is-heel-zwaar.html
24,binnenland,https://nos.nl/artikel/2327784-kijk-hier-mee-met-de-toespraak-van-koning-willem-alexander.html
25,buitenland,https://nos.nl/artikel/2327931-coronavirus-bereikt-zuid-afrika-als-we-niets-doen-worden-we-overspoeld.html
26,buitenland,https://nos.nl/artikel/2327915-kroatische-hoofdstad-zagreb-getroffen-door-aardbeving.html
27,buitenland,https://nos.nl/artikel/2327907-deze-bruidsparen-trouwen-toch-corona-weert-de-liefde-niet.html
28,buitenland,https://nos.nl/liveblog/2327877-italiaanse-fabrieken-worden-gesloten-eerste-gevallen-gemeld-in-de-gazastrook.html
29,buitenland,https://nos.nl/artikel/2327904-mexicaanse-agent-sterft-bij-helikoptercrash-na-bevrijden-ontvoerde-mensen.html
30,buitenland,https://nos.nl/artikel/2327903-coronanieuws-21-maart-drukte-op-het-strand-en-bijna-800-italiaanse-doden.html
31,buitenland,https://nos.nl/artikel/2327890-ultrarechtse-vleugel-van-duitse-afd-heft-zichzelf-op.html
32,buitenland,https://nos.nl/artikel/2327879-sabotage-op-traject-ice-treinen-verdachte-aangehouden.html
33,buitenland,https://nos.nl/liveblog/2327827-637-besmettingen-en-30-doden-erbij-in-nederland-drukte-op-strand-en-markten.html
34,buitenland,https://nos.nl/artikel/2327858-corona-epicentrum-wuhan-haalt-controleposten-weg.html
35,buitenland,https://nos.nl/artikel/2327839-alle-eu-landen-voeren-ander-coronabeleid-wie-neemt-het-voortouw.html
36,buitenland,https://nos.nl/artikel/2327824-noord-korea-vuurt-raketten-af-in-zee-beland.html
37,buitenland,https://nos.nl/artikel/2327807-de-corona-uitbraak-in-iran-mensenlevens-zijn-niet-belangrijk.html
38,buitenland,https://nos.nl/artikel/2327781-strengere-corona-maatregelen-in-aantal-duitse-deelstaten.html
39,buitenland,https://nos.nl/liveblog/2327693-30-nieuwe-doden-meer-dan-10-000-aanmeldingen-extra-zorgverleners.html
40,buitenland,https://nos.nl/artikel/2327752-25-afghaanse-politieagenten-en-militairen-omgekomen-bij-aanval-van-binnenuit.html
41,buitenland,https://nos.nl/artikel/2327692-india-hangt-mannen-op-die-studente-verkrachtten-in-rijdende-bus.html
42,buitenland,https://nos.nl/liveblog/2327635-drie-coronagebouwen-in-brabant-corona-opgedoken-op-texel.html
43,buitenland,https://nos.nl/artikel/2327690-china-wil-imago-oppoetsen-door-andere-landen-te-helpen-bij-coronacrisis.html
44,buitenland,https://nos.nl/artikel/2327673-hoge-sterftecijfers-drukken-zwaar-op-italie-maar-andra-tutto-bene.html
45,buitenland,https://nos.nl/liveblog/2327590-achttien-nieuwe-doden-meer-tijd-voor-nederlanders-in-marokko.html
46,buitenland,https://nos.nl/artikel/2327614-duitse-regering-verbiedt-groep-rijksburgers-invallen-in-tien-deelstaten.html
47,buitenland,https://nos.nl/artikel/2327604-humanitaire-ramp-dreigt-in-noord-korea-kim-geeft-problemen-toe.html
48,buitenland,https://nos.nl/artikel/2327603-amerikaanse-congresleden-positief-getest-melania-trump-gezicht-tegen-corona.html
49,buitenland,https://nos.nl/artikel/2327586-astronaut-al-worden-die-74-keer-rond-de-maan-cirkelde-overleden.html
50,regio,https://nos.nl/artikel/2327911-brand-in-flat-den-bosch-maakt-regen-van-bankbiljetten-los.html
51,regio,https://nos.nl/artikel/2327859-man-die-zich-op-tv-uitsprak-voor-pedoseks-mag-in-lelystad-blijven-wonen.html
52,regio,https://nos.nl/artikel/2327854-ook-paasvuren-gaan-niet-door-vanwege-coronavirus.html
53,regio,https://nos.nl/artikel/2327832-grote-brand-in-hotel-santpoort-noord-onder-controle.html
54,regio,https://nos.nl/artikel/2327817-gevonden-drugslab-in-hengelo-kon-miljoenenomzet-draaien.html
55,regio,https://nos.nl/artikel/2327815-voorwaardelijke-celstraf-voor-uploaden-naaktbeelden-oranjehandbalsters.html
56,regio,https://nos.nl/artikel/2327805-dankbaar-syrisch-stel-noemt-baby-willem-alexander.html
57,regio,https://nos.nl/artikel/2327802-laatste-restanten-msc-zoe-containers-in-waddenzee-opgeruimd.html
58,regio,https://nos.nl/artikel/2327759-celstraffen-voor-coronaspuger-en-coronahoester.html
59,regio,https://nos.nl/artikel/2327741-indrukwekkende-erehaag-in-steenwijk-voor-verongelukt-meisje-4.html
60,regio,https://nos.nl/artikel/2327718-aspergeseizoen-komt-eraan-maar-zijn-er-genoeg-stekers.html
61,regio,https://nos.nl/artikel/2327694-toch-geen-hoger-beroep-tegen-atletiektrainer-jerry-m.html
62,regio,https://nos.nl/artikel/2327681-drukte-bij-ondernemers-mensen-willen-de-tijd-nuttig-doorbrengen.html
63,regio,https://nos.nl/artikel/2327659-vier-jaar-cel-voor-mexicanen-die-crystal-meth-maakten-op-drijvend-drugslab.html
64,regio,https://nos.nl/artikel/2327648-celstraf-voor-ontucht-met-vijf-meisjes.html
65,regio,https://nos.nl/artikel/2327642-lichaam-gevonden-in-woning-tilburg-verdachte-aangehouden.html
66,regio,https://nos.nl/artikel/2327640-vader-van-verdronken-peuter-in-drenthe-blijft-in-cel.html
67,regio,https://nos.nl/artikel/2327639-zes-jaar-cel-voor-oud-waterpolocoach-om-verkrachting-en-ontucht.html
68,regio,https://nos.nl/artikel/2327580-oudste-fossiel-van-moderne-vogel-gevonden-in-maastricht.html
69,regio,https://nos.nl/artikel/2327571-baarle-nassau-dorp-met-verschillende-coronaregels-door-elkaar.html
70,regio,https://nos.nl/artikel/2327531-azc-in-musselkanaal-heropent-deuren-voor-ruim-400-asielzoekers.html
71,regio,https://nos.nl/artikel/2327529-maximale-straf-van-16-jaar-voor-gewelddadige-rasta-overvaller-eindhoven.html
72,regio,https://nos.nl/artikel/2327493-kleuterjuf-van-zaanse-school-maakt-lesvideo-s-voor-haar-leerlingen.html
73,regio,https://nos.nl/artikel/2327458-maximaal-acht-slachtoffers-of-nabestaanden-bij-vonnis-tramaanslag-utrecht.html
74,regio,https://nos.nl/artikel/2327457-jeugd-tbs-voor-man-die-zijn-moeder-probeerde-dood-te-steken.html
75,politiek,https://nos.nl/artikel/2327896-nederland-weert-vluchten-vanuit-spanje-repatriering-mag-nog-wel.html
76,politiek,https://nos.nl/artikel/2327869-tunahan-kuzu-stopt-als-partijleider-denk-vanwege-impact-op-persoonlijk-leven.html
77,politiek,https://nos.nl/artikel/2327826-de-jonge-veel-mondkapjes-aangeboden-maar-koop-gaat-vaak-niet-door.html
78,politiek,https://nos.nl/artikel/2327804-oud-pvda-kamerlid-harry-van-den-bergh-77-overleden.html
79,politiek,https://nos.nl/artikel/2327783-ouders-krijgen-kosten-kinderopvang-terug-vanwege-coronacrisis.html
80,politiek,https://nos.nl/artikel/2327738-ruim-een-op-de-tien-raadsleden-vorig-jaar-bedreigd-of-geintimideerd.html
81,politiek,https://nos.nl/artikel/2327735-pvda-er-martin-van-rijn-nieuwe-minister-voor-medische-zorg.html
82,politiek,https://nos.nl/artikel/2327663-geen-bezoek-meer-voor-bewoners-van-verpleeghuizen-uitzondering-voor-stervenden.html
83,politiek,https://nos.nl/artikel/2327658-kijk-op-een-van-onze-kanalen-naar-de-persconferentie-van-het-kabinet.html
84,politiek,https://nos.nl/artikel/2327654-oververmoeide-minister-bruins-medische-zorg-treedt-af.html
85,politiek,https://nos.nl/artikel/2327579-kabinet-gesteund-in-corona-aanpak-kamer-unaniem-voor-bonus-zorgpersoneel.html
86,politiek,https://nos.nl/artikel/2327542-kamermeerderheid-nu-geen-lockdown-van-nederland.html
87,politiek,https://nos.nl/artikel/2327504-eindtoetsen-groep-8-basisonderwijs-geschrapt-om-coronavirus.html
88,politiek,https://nos.nl/artikel/2327450-rutte-tijdelijke-lockdown-behoort-tot-de-mogelijkheden-maar-is-nu-niet-nodig.html
89,politiek,https://nos.nl/artikel/2327442-reisadvies-alleen-naar-het-buitenland-als-het-nodig-is.html
90,politiek,https://nos.nl/artikel/2327419-ook-op-deze-nos-kanalen-zie-je-de-persconferentie-over-steunmaatregelen.html
91,politiek,https://nos.nl/artikel/2327417-alleen-al-komend-kwartaal-tien-a-twintig-miljard-voor-bedrijven-en-zzp-ers.html
92,politiek,https://nos.nl/artikel/2327396-d66-snel-actie-om-gestrande-reizigers-terug-te-halen.html
93,politiek,https://nos.nl/artikel/2327394-schoolexamens-gaan-door-later-besluit-over-centrale-eindexamens.html
94,politiek,https://nos.nl/artikel/2327309-de-komende-tijd-zal-een-groot-deel-van-de-bevolking-met-het-virus-besmet-raken.html
95,politiek,https://nos.nl/artikel/2327299-volg-hier-de-toespraak-van-premier-rutte.html
96,politiek,https://nos.nl/artikel/2327298-coffeeshops-mogen-weer-open-voor-afhalen.html
97,politiek,https://nos.nl/artikel/2327288-door-coronacrisis-getroffen-zelfstandige-krijgt-makkelijker-bijstand.html
98,politiek,https://nos.nl/artikel/2327276-podcast-de-stemming-hoe-politiek-zijn-onze-politici-in-de-coronacrisis.html
99,politiek,https://nos.nl/artikel/2327263-nieuwe-asielzoekers-niet-meer-toegelaten-tot-opvang.html
100,economie,https://nos.nl/artikel/2327867-ergernis-over-drukke-treinen-en-overvolle-stranden.html
101,economie,https://nos.nl/artikel/2327863-arbeidsmigranten-vrezen-ontslag-besmetting-en-reisbeperkingen-door-corona.html
102,economie,https://nos.nl/artikel/2327842-massaal-thuiswerken-leidt-tot-drukte-en-storingen-netwerken-kunnen-het-aan.html
103,economie,https://nos.nl/artikel/2327785-klein-weekverlies-voor-aex-wall-street-sluit-ruim-4-procent-lager.html
104,economie,https://nos.nl/artikel/2327778-fnv-leden-wijzen-cao-postbezorgers-af-andere-bonden-tekenen-wel.html
105,economie,https://nos.nl/artikel/2327710-42-000-kilo-aan-soep-bami-en-andere-verse-producten-over-weggooien-nooit.html
106,economie,https://nos.nl/artikel/2327677-nood-onder-mkb-ers-groot-uitstel-van-betaling-haalt-druk-van-de-ketel.html
107,economie,https://nos.nl/artikel/2327620-megaoperatie-ecb-heeft-al-effect-rentes-voor-overheden-dalen.html
108,economie,https://nos.nl/artikel/2327609-banken-geven-mkb-bedrijven-half-jaar-uitstel-van-aflossing-leningen.html
109,economie,https://nos.nl/artikel/2327599-topman-abn-amro-in-deze-crisis-zijn-banken-deel-van-de-oplossing.html
110,economie,https://nos.nl/artikel/2327591-wat-zijn-de-economische-gevolgen-en-risico-s-van-de-coronacris.html
111,economie,https://nos.nl/artikel/2327582-ecb-trekt-750-miljard-uit-voor-opkoopprogramma-tegen-coronacrisis.html
112,economie,https://nos.nl/artikel/2327563-dicht-zonder-dwang-deze-winkels-sluiten-in-nederland-de-deuren.html
113,economie,https://nos.nl/artikel/2327538-schiphol-gaat-grotendeels-dicht-we-maken-een-kern-schiphol.html
114,economie,https://nos.nl/artikel/2327534-afm-waarschuwt-kabinet-tegen-plan-aanpassen-spaartaks.html
115,economie,https://nos.nl/artikel/2327532-grote-drukte-bij-banken-met-bedrijven-in-nood.html
116,economie,https://nos.nl/artikel/2327522-hulp-van-brancheorganisaties-is-nu-belangrijker-dan-ooit.html
117,economie,https://nos.nl/artikel/2327495-miljarden-voor-krakende-economie-maar-beurzen-kleuren-weer-rood.html
118,economie,https://nos.nl/artikel/2327419-ook-op-deze-nos-kanalen-zie-je-de-persconferentie-over-steunmaatregelen.html
119,economie,https://nos.nl/artikel/2327417-alleen-al-komend-kwartaal-tien-a-twintig-miljard-voor-bedrijven-en-zzp-ers.html
120,economie,https://nos.nl/artikel/2327378-kpn-en-vodafoneziggo-hoeven-netwerk-niet-open-te-stellen-voor-concurrenten.html
121,economie,https://nos.nl/artikel/2327373-volkswagen-legt-productie-in-europa-stil.html
122,economie,https://nos.nl/artikel/2327356-amerikaanse-en-duitse-farmaceut-slaan-handen-ineen-voor-productie-vaccin.html
123,economie,https://nos.nl/artikel/2327333-grootste-dagverliezen-op-wall-street-sinds-1987.html
124,economie,https://nos.nl/artikel/2327317-zzp-ers-hard-geraakt-door-coronavirus-mijn-buffer-raakt-op.html
125,koningshuis,https://nos.nl/artikel/2327810-hoopvolle-en-alarmerende-speech-van-koning-schudt-nederlanders-wakker.html
126,koningshuis,https://nos.nl/artikel/2327805-dankbaar-syrisch-stel-noemt-baby-willem-alexander.html
127,koningshuis,https://nos.nl/artikel/2327794-koning-coronavirus-kunnen-we-niet-stoppen-eenzaamheidsvirus-wel.html
128,koningshuis,https://nos.nl/artikel/2327784-kijk-hier-mee-met-de-toespraak-van-koning-willem-alexander.html
129,koningshuis,https://nos.nl/artikel/2327717-toespraak-koning-willem-alexander-vanavond-het-zal-gaan-over-gevoel-en-emoties.html
130,koningshuis,https://nos.nl/artikel/2327286-koningsdag-in-maastricht-en-koningsspelen-afgelast-wegens-coronavirus.html
131,koningshuis,https://nos.nl/artikel/2327220-spaanse-koning-felipe-weigert-toekomstige-erfenis-van-zijn-vader.html
132,koningshuis,https://nos.nl/artikel/2327154-wel-koninklijke-excuses-bij-bezoek-indonesie-wat-betekenen-ze.html
133,koningshuis,https://nos.nl/artikel/2326860-koning-reageert-op-verdeelde-reacties-na-excuses-weloverwogen-gedaan.html
134,koningshuis,https://nos.nl/artikel/2326670-veel-ceremonieel-op-tweede-dag-staatsbezoek-indonesie.html
135,koningshuis,https://nos.nl/artikel/2326586-willem-alexander-maakte-de-excuses-die-zijn-moeder-in-1995-had-willen-maken.html
136,koningshuis,https://nos.nl/artikel/2326542-verrassing-en-ergernis-over-koninklijke-excuses-in-indonesie.html
137,koningshuis,https://nos.nl/artikel/2326517-willem-alexander-biedt-excuses-aan-voor-nederlands-geweld-in-indonesie.html
138,koningshuis,https://nos.nl/artikel/2326475-harry-en-meghan-voeren-laatste-taak-uit-als-fulltime-royals.html
139,koningshuis,https://nos.nl/artikel/2326472-koningspaar-in-indonesie-geen-handen-schudden-maar-sundanese-groet.html
140,koningshuis,https://nos.nl/artikel/2326458-staatsbezoek-van-koning-aan-indonesie-versoberd-na-zwaar-bootongeluk.html
141,koningshuis,https://nos.nl/artikel/2325931-koning-spreekt-op-dodenherdenking-merkel-houdt-5-mei-lezing.html
142,koningshuis,https://nos.nl/artikel/2325249-geen-koninklijke-excuses-bij-bezoek-aan-indonesie-maar-waarom-niet.html
143,koningshuis,https://nos.nl/artikel/2324485-sneeuw-zonnebrillen-en-een-kusje-oranjes-poseren-in-lech.html
144,cultuur-en-media,https://nos.nl/artikel/2327834-country-icoon-kenny-rogers-81-overleden.html
145,cultuur-en-media,https://nos.nl/artikel/2327714-you-ll-never-walk-alone-in-meer-dan-30-landen-te-horen-tranen-in-mijn-ogen.html
146,cultuur-en-media,https://nos.nl/artikel/2327649-oud-brandpunt-presentator-joost-middelhoff-72-overleden.html
147,cultuur-en-media,https://nos.nl/artikel/2327615-de-nos-neemt-je-straks-mee-terug-naar-die-mooie-ek-zomer-in-1988.html
148,cultuur-en-media,https://nos.nl/artikel/2327543-geen-publiek-in-de-zaal-dan-treden-artiesten-gewoon-online-op.html
149,cultuur-en-media,https://nos.nl/artikel/2327528-afblazen-songfestival-heel-jammer-maar-onvermijdelijk.html
150,cultuur-en-media,https://nos.nl/artikel/2327521-dit-jaar-geen-songfestival-in-rotterdam-alles-op-alles-voor-2021.html
151,cultuur-en-media,https://nos.nl/artikel/2327468-china-zet-alle-journalisten-van-drie-grote-amerikaanse-kranten-het-land-uit.html
152,cultuur-en-media,https://nos.nl/artikel/2327453-duitse-big-brother-deelnemers-na-vijf-weken-ingelicht-over-coronacrisis.html
153,cultuur-en-media,https://nos.nl/artikel/2327406-deelnemers-duitse-big-brother-huis-weten-nog-niks-van-corona-tot-vanavond.html
154,cultuur-en-media,https://nos.nl/artikel/2327366-toespraak-rutte-historisch-alleen-sportwedstrijden-beter-bekeken.html
155,cultuur-en-media,https://nos.nl/artikel/2327231-eeuwenoude-schilderijen-gestolen-in-oxford.html
156,cultuur-en-media,https://nos.nl/artikel/2326961-vanavond-opnieuw-nos-uitzending-over-coronavirus-met-kijkersvragen.html
157,cultuur-en-media,https://nos.nl/artikel/2326846-nos-journaal-om-20-00-uur-met-gebarentolk-vanwege-coronavirus.html
158,cultuur-en-media,https://nos.nl/artikel/2326735-tefaf-sluit-zijn-deuren-kunsthandelaren-in-de-rats.html
159,cultuur-en-media,https://nos.nl/artikel/2326734-lof-voor-billie-eilish-na-bodyshaming-statement-geeft-me-kracht.html
160,cultuur-en-media,https://nos.nl/artikel/2326633-geloof-als-reddingsboei-volle-zalen-voor-christelijke-rappers.html
161,cultuur-en-media,https://nos.nl/artikel/2326632-dit-is-de-nieuwe-bibliotheek-in-het-oude-postkantoor-in-utrecht.html
162,cultuur-en-media,https://nos.nl/artikel/2326514-glennis-grace-treedt-op-tijdens-het-esf-naast-dj-afrojack.html
163,cultuur-en-media,https://nos.nl/artikel/2326502-led-zeppelin-wint-opnieuw-plagiaatzaak-rond-stairway-to-heaven.html
164,cultuur-en-media,https://nos.nl/artikel/2326461-alberto-stegeman-moet-boete-betalen-voor-nepbom-op-kazerneterrein.html
165,cultuur-en-media,https://nos.nl/artikel/2326452-zweedse-acteur-max-von-sydow-90-overleden.html
166,cultuur-en-media,https://nos.nl/artikel/2326189-premiere-hello-dolly-in-gevaar-wegens-stembandproblemen-simone-kleinsma.html
167,cultuur-en-media,https://nos.nl/artikel/2326131-lennaert-nijgh-prijs-voor-pepijn-lanen-van-de-jeugd-van-tegenwoordig.html
168,cultuur-en-media,https://nos.nl/artikel/2326130-uitgever-ziet-na-protest-af-van-omstreden-autobiografie-woody-allen.html
169,opmerkelijk,https://nos.nl/artikel/2327779-man-bespeelt-drumstel-langs-drukke-snelweg.html
170,opmerkelijk,https://nos.nl/artikel/2327089-enorme-krab-rooft-peperdure-camera-nederlandse-onderzoekster.html
171,opmerkelijk,https://nos.nl/artikel/2326060-texaanse-ijslikker-krijgt-celstraf-vanwege-stunt-in-supermarkt.html
172,opmerkelijk,https://nos.nl/artikel/2325848-gentse-toiletten-lopen-over-met-schuim.html
173,opmerkelijk,https://nos.nl/artikel/2325243-japanner-stal-5800-fietszadels-tegen-stress-en-als-hobby.html
174,opmerkelijk,https://nos.nl/artikel/2324692-inwoners-zwitsers-dorpje-jarenlang-huis-uit-om-oud-munitiedepot.html
175,opmerkelijk,https://nos.nl/artikel/2324642-russische-politie-haalt-echte-batmobile-van-de-weg.html
176,opmerkelijk,https://nos.nl/artikel/2324460-wereldrecord-planking-gebroken-door-62-jarige-houdt-het-meer-dan-8-uur-vol.html
